paper_arxiv_id,category_id
2402.07925,85
2505.14516,390
2501.18192,29
2504.07777,91
1912.03049v4,263
2506.15684v1,17
2408.13072,51
2502.07371,141
2503.16875,166
2503.18980,8
2402.07925,85
2505.14516,390
2501.18192,29
2504.07777,91
1912.03049v4,263
2506.15684v1,17
2408.13072,51
2502.07371,141
2503.16875,166
2503.18980,8
2402.07925,85
2505.14516,390
2501.18192,29
2504.07777,91
1912.03049v4,263
2506.15684v1,17
2408.13072,51
2502.07371,141
2503.16875,166
2503.18980,8
